Evime gidelim,EV
Eve gitmek IStiyorum,EV
Eve doğru ilerle,EV
Beni evime bırak,EV
Hedefim ev,EV
Lütfen beni evime götür,EV
Yolculuğumuz evimizde son bulacak,EV
Gideceğimiz yer evim,EV
Hedef noktamız ev,EV
Arabayı evimin önünde durdur,EV
Beni evime yakın bir yere bırak,EV
Gideceğimiz yer ev adresim,EV
Eve doğru ilerlemeye başlayalım,EV
Eve giden yoldan devam edelim,EV
Lütfen beni evime götür,EV
Evimiz için harekete geçelim,EV
Eve gitmek için yola çıkalım,EV
Hedefimiz evimize gitmek,EV
Beni ev adresime götürür müsünüz,EV
Evimizi bulmak için yola çıkalım,EV
Hedef noktamız evimiz,EV
Arabayı evimin yakınına park edebilir mISin,EV
Eve gitmek için en hızlı rota nedir,EV
Gideceğimiz yer evimizin olduğu sokak,EV
Eve giden yolu biliyor musunuz,EV
Lütfen beni evime kadar götürün,EV
Evime yakın bir yerde durabilir mISin,EV
Evimizi bulmak için yardımcı olabilir mISin,EV
Hedefimiz evimizde olmak,EV
Beni ev adresime en kısa yoldan götürür müsünüz,EV
Eve giden yolu takip edelim,EV
Eve gitmek için doğru yolda mıyız,EV
Lütfen beni evime götürür müsünüz,EV
Evimize gitmek için ne kadar yol kaldı,EV
Hedefimiz ev adresimiz,EV
Arabayı evimin önünde bırakabilir mISin,EV
Eve gitmek için en kısa yol nedir,EV
Gideceğimiz yer evimize en yakın nokta,EV
Evimiz için doğru yolu biliyor musunuz,EV
Hedefimiz evimizde olmak,EV
Beni evime kadar takip edin lütfen,EV
Evimize gitmek için en uygun rota nedir,EV
Eve gitmek için ne kadar zaman gerekiyor,EV
Lütfen beni evime götürün,EV
Evimizin bulunduğu sokakta mısınız,EV
Hedef noktamız evimiz,EV
Arabayı evimizin yakınına park edebilir mISin,EV
Eve gitmek için en iyi yol nedir,EV
Gideceğimiz yer evimin tam adresi,EV
Evimizin bulunduğu mahalleye doğru ilerleyelim,EV
Eve gidelim,EV
Eve gidiyoruz,EV
Haydi eve gidelim,EV
Eve,EV
Eve götür,EV
Hastaneye gidelim,HASTANE
Hastaneye gitmek IStiyorum,HASTANE
Hastaneye doğru ilerle,HASTANE
Beni hastaneye bırak,HASTANE
Hedefim hastane,HASTANE
Lütfen beni hastaneye götür,HASTANE
Yolculuğumuz hastanede son bulacak,HASTANE
Gideceğimiz yer hastane,HASTANE
Hedef noktamız hastane,HASTANE
Arabayı hastanenin önünde durdur,HASTANE
Hastaneye gitmek için en hızlı rota nedir,HASTANE
Gideceğimiz yer hastanemizin olduğu sokak,HASTANE
Lütfen beni hastaneme kadar götürün,HASTANE
Hastaneme yakın bir yerde durabilir mISin,HASTANE
Hastanemizi bulmak için yardımcı olabilir mISin,HASTANE
Beni hastane adresime en kısa yoldan götürür müsünüz,HASTANE
Hastaneye giden yolu takip edelim,HASTANE
Hastaneye gitmek istiyorum,HASTANE
Hastaneye gitmek gerekiyor,HASTANE
Hastaneye doğru ilerlememiz gerek,HASTANE
Acil olarak hastaneye gitmeliyiz,HASTANE
Hastaneye gitmek zorundayız,HASTANE
Hastaneye gitmemiz gerekiyor,HASTANE
Bir doktor görüşüne ihtiyacımız var,HASTANE
Sağlık sorunumuz var, hastaneye gitmeliyiz,HASTANE
Tedaviye ihtiyacımız var, hastaneye gitmeliyiz,HASTANE
Sağlık kontrolü için hastaneye gitmek IStiyorum,HASTANE
Acilen hastaneye gitmeliyiz,HASTANE
Sağlık durumumuz ciddi, hastaneye gitmeliyiz,HASTANE
Hastaneye gitmeden geçmeyelim,HASTANE
Hastaneye doğru ilerle, sıkıntımızı çözelim,HASTANE
Hastaneye gitmek için yola çıkalım,HASTANE
Tedavi olmak için hastaneye gitmeliyiz,HASTANE
Şikayetlerimiz için hastaneye gitmeliyiz,HASTANE
Acil müdahale gerekiyor, hastaneye gitmeliyiz,HASTANE
Hastanede bir doktor görüşüne ihtiyacımız var,HASTANE
Sağlık sorunlarımız için hastaneye gitmeliyiz,HASTANE
Hastaneye doğru yönlendirebilir mISin,HASTANE
Hastanede randevu almam gerekiyor,HASTANE
Randevu saatimiz yaklaşıyor, hastaneye gitmeliyiz,HASTANE
Hastaneye gitmek için hazır mısın,HASTANE
Şimdi hastaneye gitmek için uygun bir zaman,HASTANE
Hastaneye gitmek için acelemiz var,HASTANE
Hastanede bir test yaptırmamız gerekiyor,HASTANE
Hastanede bir uzman doktor görmemiz gerekiyor,HASTANE
Hemen hastaneye sür,HASTANE
hastaneye ,HASTANE
acilen hastane,HASTANE
hastaneye sür hemen,HASTANE
çok acil hastaneye gitmeliyiz,HASTANE
İş yerine gidelim,IS
işe gidiyoruz,IS
iş yerine sür,IS
iş yerine kadar arabayı sür,IS
hemen ofISe gidelim,IS
ofISe sür,IS
hedef ofIS,IS
ofISe gidiyoruz,IS
ofISe kadar arabayı sür,IS
işe gitmem gerekiyor,IS
İş yerine gitmek IStiyorum,IS
İş yerine gitmemiz gerekiyor,IS
İş yerine doğru ilerlememiz gerekiyor,IS
İşe yetişmek için yola koyulmalıyız,IS
İş yerine gitmek zorundayız,IS
İş yerine gitmemiz gerekiyor,IS
İşe gitmek için yola çıkmamız gerekiyor,IS
İşe gitmek için hazır mısın,IS
İş yerine gitmek için acelemiz var,IS
İş yerine arabayla gitmeliyiz,IS
İş yerine doğru ilerleyelim ve işimizi halledelim,IS
İş yerinde önemli bir toplantıya katılacağız,IS
İş yerindeki işlerimizi halletmek için gitmeliyiz,IS
İş yerindeki projelerimize devam etmek için gitmeliyiz,IS
İş yerindeki önemli işlerimiz için acele gitmeliyiz,IS
İş yerindeki mesai saatleri yaklaşıyor, gitmeliyiz,IS
İş yerinde nöbetimiz var, gitmeliyiz,IS
İş yerindeki görevimizi yapmak için gitmeliyiz,IS
İş yerine doğru arabayı sürmek gerekiyor,IS
İş yerine giden yolu biliyor musun,IS
İş yerine doğru yönlendirebilir mISin,IS
İş yerindeki arkadaşlarımızla görüşmek için gitmeliyiz,IS
İş yerine gitmek için acelemiz var, hareket edelim,IS
ofiste çalışmam gerekiyor,IS
çalışmam lazım ,IS
hemen işe,IS
otoparktan çık eve gel,EV
evin önündeyim seni bekliyorum,EV
eve gel,EV
Evin önünde bekliyorum,EV
Evden çıktım seni bekliyorum,EV
arabayı evin önüne getir,EV
Evin önünde arabayı bekliyorum,EV
Hadi işe gidelim,IS
işe gidiyoruz,IS
işe gidelim,IS
eve gidelim,EV
ofise gitmeliyim,IS
ofise geçelim,IS
ofise gidiyoruz,IS